{
  "mean": [
    16.685466766357422,
    -0.15170608460903168
  ],
  "std": [
    8.677319526672363,
    4.651240825653076
  ]
}
