{
  "mean": [
    21.309083938598633,
    -0.17165416479110718
  ],
  "std": [
    17.250192642211914,
    4.492439270019531
  ]
}
